epoch,accuracy,loss,val_accuracy,val_loss
0,0.3055555522441864,0.985666036605835,NA,NA
1,0.7129629850387573,0.6917485594749451,NA,NA
2,0.9166666865348816,0.4765927493572235,NA,NA
