epoch,accuracy,loss,val_accuracy,val_loss
0,1.0,0.05919868126511574,NA,NA
1,1.0,0.028963638469576836,NA,NA
2,1.0,0.017381008714437485,NA,NA
3,1.0,0.011559123173356056,NA,NA
4,1.0,0.008160723373293877,NA,NA
5,1.0,0.0060735843144357204,NA,NA
6,1.0,0.004666492808610201,NA,NA
7,1.0,0.0035814931616187096,NA,NA
