epoch,accuracy,loss,val_accuracy,val_loss
0,0.9629629850387573,0.3415345847606659,NA,NA
1,1.0,0.1828458607196808,NA,NA
2,1.0,0.105597123503685,NA,NA
3,1.0,0.06473097205162048,NA,NA
4,1.0,0.04325469955801964,NA,NA
5,1.0,0.030596978962421417,NA,NA
6,1.0,0.022549834102392197,NA,NA
7,1.0,0.01718110963702202,NA,NA
8,1.0,0.013351690024137497,NA,NA
9,1.0,0.010609676130115986,NA,NA
