epoch,accuracy,loss,val_accuracy,val_loss
0,0.9351851940155029,0.174737811088562,NA,NA
1,0.9722222089767456,0.11001826077699661,NA,NA
2,0.9722222089767456,0.07519253343343735,NA,NA
3,1.0,0.05737672373652458,NA,NA
4,1.0,0.04641101881861687,NA,NA
5,1.0,0.0374080166220665,NA,NA
6,1.0,0.03098553791642189,NA,NA
7,1.0,0.025891579687595367,NA,NA
8,1.0,0.022570617496967316,NA,NA
9,1.0,0.019439026713371277,NA,NA
